time,rms_energy,spectral_centroid,spectral_rolloff,spectral_bandwidth,spectral_flatness,zero_crossing_rate,dissonance
0.0,0.0018616925226524,2618.928950443224,7084.423828125,4615.099935299631,0.2847130894660949,0.0260770975056689,0.2536162563246721
0.1,0.0015996258007362,3086.692772686401,8484.08203125,4860.479606250046,0.3415470719337463,0.028798185941043,0.4810284937546762
0.2,0.0017389630666002,3046.820411021124,8850.146484375,4813.41919759314,0.3143317699432373,0.0360544217687074,0.3627921491734253
0.3,0.0015944542828947,2925.2586059744526,8161.083984375,4553.124671721807,0.2761006653308868,0.0360544217687074,0.22560516481838086
0.4,0.0017343625659123,2588.676214598072,7536.62109375,4362.874931469579,0.2371357381343841,0.0281179138321995,0.11874657049173407
0.5,0.0037300824187695,5991.809000548826,12101.66015625,4996.795825751124,0.3805777132511139,0.2090702947845805,0.6843153531430582
0.6,0.007268987596035,2952.021912740407,6933.69140625,3866.163938748856,0.2735104858875274,0.0666666666666666,0.21939811008938004
0.7,0.0065568573772907,2606.664811447182,5318.701171875,3930.061411850736,0.2734313607215881,0.0505668934240362,0.21911559885046414
0.8,0.0043660080991685,2651.832841112955,5447.900390625,3714.054896347248,0.2603437304496765,0.0498866213151927,0.17991527200065788
0.9,0.0128250839188694,2216.6615849383347,3079.248046875,2782.5780985787137,0.1420524716377258,0.0884353741496598,0.000633703404183148
1.0,0.0133755058050155,2805.233091445817,4242.041015625,3940.150685879332,0.2669201791286468,0.0918367346938775,0.20096155135687474
1.1,0.0120403226464986,3507.89771337394,7041.357421875,4679.253446183494,0.3630786836147308,0.0687074829931972,0.591903958313124
1.2,0.0076333153992891,3432.8271476763252,7105.95703125,4768.406801316496,0.3687225878238678,0.0725623582766439,0.6187841193418238
1.3,0.0076962690800428,2979.242984062046,5275.634765625,4376.2168587823335,0.3094251751899719,0.07437641723356,0.34659585535680904
1.4,0.0051908358000218,2309.6092147124336,3811.376953125,3806.431721907372,0.2291639894247055,0.0356009070294784,0.10267457925977404
1.5,0.003460822859779,1969.525058543421,3229.98046875,3686.0129727265944,0.1952342689037323,0.0326530612244898,0.04248529190087838
1.6,0.0028956935275346,2111.353419109382,4349.70703125,3854.9181574182535,0.2132498025894165,0.0303854875283446,0.07068096729362774
1.7,0.0024868086911737,2399.4550251318446,5857.03125,4118.567298907934,0.2341533303260803,0.028798185941043,0.11250194590177344
1.8,0.0019357914570719,2526.894890549116,6675.29296875,4138.355634228223,0.2277344763278961,0.0240362811791383,0.09851454383537614
1.9,0.0016201231628656,3004.5724912355317,8419.482421875,4466.258658206849,0.2578714787960052,0.028344671201814,0.17183741709669847
2.0,0.0015751695027574,2979.2611306298486,8225.68359375,4449.390799991214,0.239849179983139,0.0308390022675736,0.12557589147319762
2.1,0.0017405725084245,3307.365676385435,9323.876953125,4839.906560073297,0.336112380027771,0.0285714285714285,0.4566191411771472
2.2,0.0016426189104095,3131.577898183332,8785.546875,4778.30688290127,0.3294221758842468,0.0244897959183673,0.426780055214184
2.3,0.001471850904636,3086.1693240726813,8570.21484375,4844.4765623286075,0.3362053632736206,0.0308390022675736,0.45646762194962653
2.4,0.0011725837830454,3439.7521653785757,9496.142578125,5045.559304431409,0.3703524172306061,0.0410430839002267,0.6235419434301958
2.5,0.0017220929730683,3474.316235395976,9625.341796875,5046.588622740387,0.3759388625621795,0.0301587301587301,0.6540411437518594
2.6,0.003762854496017,2848.8175441350854,6438.427734375,4461.163858585734,0.307751715183258,0.0387755102040816,0.33859066320608433
2.7,0.0111502977088093,3987.862822684934,10422.0703125,4975.304388918718,0.3854972124099731,0.0684807256235827,0.7111515159384768
2.8,0.0086456416174769,3760.295305819631,9237.744140625,4806.992780974694,0.3790431618690491,0.0419501133786848,0.6755261939304481
2.9,0.0214284658432006,3605.287383937734,7751.953125,4706.381039337053,0.3805170357227325,0.0607709750566893,0.6887679744047985
3.0,0.0334320180118083,2708.913038100583,3983.642578125,3820.725466642904,0.2507814764976501,0.0770975056689342,0.15973327587213715
3.1,0.037985872477293,1806.48666139797,2260.986328125,2653.63727730538,0.1252790689468383,0.0410430839002267,0.0
3.2,0.0243759360164403,2286.292947749173,3122.314453125,3578.5966797264377,0.2146272212266922,0.0396825396825396,0.0767290898154368
3.3,0.0169571507722139,3211.0307676810917,6395.361328125,4593.170492787621,0.3417457342147827,0.0537414965986394,0.4889449030448398
3.4,0.022397942841053,3003.80532023025,4392.7734375,3914.3191791398526,0.2683322727680206,0.0875283446712018,0.20785606778143126
3.5,0.0187803525477647,2806.918944803833,3919.04296875,3500.8492771927126,0.2235645353794098,0.0802721088435374,0.09347662783534928
3.6,0.0086646387353539,2159.5678974663883,3660.64453125,2703.271874632695,0.1264337599277496,0.0718820861678004,3.3047785896025466e-05
3.7,0.004576395265758,3117.148425943821,4758.837890625,3987.520105159467,0.2906537652015686,0.082766439909297,0.27691236075477055
3.8,0.003584043122828,3288.6417592658745,5663.232421875,4302.970974711376,0.3190278708934784,0.073922902494331,0.38517181808407525
3.9,0.0024789257440716,2493.879300031901,4694.23828125,4009.933713601892,0.2475871592760086,0.0435374149659863,0.14513967970618097
4.0,0.0015678994823247,3331.650044877218,8484.08203125,4598.793655102535,0.3365902006626129,0.0421768707482993,0.4593476067135004
4.1,0.0012550803367048,3423.640600719889,8527.1484375,4616.883914576316,0.3397509753704071,0.054875283446712,0.4735722341406972
4.2,0.0011979691917076,3926.6717626273785,10077.5390625,5065.882642028553,0.4135341048240661,0.0471655328798185,0.873871556730851
4.3,0.001559238648042,4190.310399072185,10658.935546875,5012.430734449441,0.3831833600997925,0.046485260770975,0.6960022694629455
4.4,0.0016838570591062,3642.5209311863714,9991.40625,4912.0114446721855,0.3292907476425171,0.0303854875283446,0.42716227012589986
4.5,0.0017771234270185,3013.1244586716125,7321.2890625,4475.50629632486,0.3040464520454407,0.0344671201814058,0.32394481573269135
4.6,0.0044272555969655,2379.2410734021305,4177.44140625,3531.9281916950595,0.2065806090831756,0.0492063492063492,0.059863966029027486
4.7,0.0108249224722385,3850.4563312940336,9302.34375,4575.07950615352,0.3464418351650238,0.0725623582766439,0.5089580734468532
4.8,0.010086721740663,3526.2039539287784,7838.0859375,4300.7528711955665,0.3405141532421112,0.064172335600907,0.4812167454075137
4.9,0.009245328605175,2682.335737374819,4242.041015625,3557.1021850305256,0.2311236560344696,0.0582766439909297,0.1079420706045292
5.0,0.0091591607779264,1938.9654965587983,3768.310546875,2626.6177894502825,0.1264607161283493,0.0480725623582766,6.7953754217646445e-06
5.1,0.0150097627192735,2091.6672271065454,3208.447265625,2773.1820897641037,0.1452865004539489,0.0616780045351473,0.0014967245510098283
5.2,0.0148265864700078,2415.8348930573793,3359.1796875,3284.206087924556,0.1923787742853164,0.0630385487528344,0.040062135177847756
5.3,0.0066031082533299,2913.206628166153,4801.904296875,4316.407469044695,0.3004679381847381,0.0544217687074829,0.3126878072858654
5.4,0.0061608171090483,2661.819349620034,4177.44140625,4126.98497200339,0.2672933638095855,0.0532879818594104,0.20083263299900184
5.5,0.0040045990608632,2076.050579681349,2971.58203125,2954.1119415992257,0.1428789943456649,0.0623582766439909,0.0007271546331474504
5.6,0.0031851143576204,2546.606887591671,4091.30859375,3474.949068860675,0.2086080610752105,0.0834467120181405,0.06296124215065221
5.7,0.0023451577872037,3274.107289834246,6309.228515625,4206.099947302222,0.3094546198844909,0.1002267573696145,0.34503925077909287
5.8,0.0017704626079648,3102.08828085244,6933.69140625,4249.424088873783,0.294680118560791,0.0535147392290249,0.28962061051637844
5.9,0.0016680979169905,3649.864147623691,8914.74609375,4872.902757128664,0.3988991975784302,0.0448979591836734,0.7851791278364556
6.0,0.0016734087839722,3505.7987211270606,9173.14453125,5157.76772680473,0.3960689008235931,0.0446712018140589,0.7669474926141285
6.1,0.0013708941405639,4176.167411326229,10615.869140625,5179.088757743619,0.4440880715847015,0.045578231292517,1.0
6.2,0.0013556964695453,3995.69976470296,10206.73828125,4942.87342130168,0.3827597796916961,0.0321995464852607,0.6936287647494899
6.3,0.0011877823853865,3473.537624104808,9668.408203125,5068.518154794854,0.3669577240943908,0.045578231292517,0.6055998908093901
6.4,0.0049669970758259,3147.3624479261507,8204.150390625,5047.142804509034,0.369924396276474,0.0179138321995464,0.6233138869756831
6.5,0.0074257585220038,2696.8366764530306,6093.896484375,4559.584242027427,0.3097853064537048,0.0163265306122449,0.34779272781501586
6.6,0.0098371570929884,2889.221754762783,6029.296875,4501.88130432944,0.3221862316131592,0.0263038548752834,0.39964037223368143
6.7,0.014317431487143,3163.4225745297917,6610.693359375,4707.3304964970475,0.3476864993572235,0.0471655328798185,0.5157956550926939
6.8,0.0231951531022787,2715.71578345174,5512.5,4599.1257198062585,0.3077190816402435,0.019954648526077,0.34457242427687196
6.9,0.0310956221073865,1781.8045873945612,2971.58203125,3519.7180393650065,0.1881804764270782,0.0179138321995464,0.035841352798705206
7.0,0.0400923304259777,2136.4379309007395,3596.044921875,3944.618418041159,0.2340981215238571,0.0292517006802721,0.11909388995549465
7.1,0.0378499962389469,3012.244424752519,6912.158203125,4870.3187392744885,0.3514991998672485,0.0165532879818594,0.5426252461909042
7.2,0.046185627579689,2301.987009403473,3897.509765625,4108.813746104517,0.2520655393600464,0.019501133786848,0.16567456182191995
7.3,0.0520501881837844,1573.8228816010694,2863.916015625,2596.1692596606154,0.115602321922779,0.0326530612244898,0.0017945719939425574
7.4,0.052224900573492,2043.946745582601,3423.779296875,3462.1051301600164,0.1938831508159637,0.0292517006802721,0.045756564682369355
7.5,0.0591879561543464,2404.2469921462757,3746.77734375,3940.51864038791,0.2439954876899719,0.0351473922902494,0.14704626017296438
7.6,0.0820847228169441,2286.7156569292165,3531.4453125,3271.2866712325376,0.1955635100603103,0.0575963718820861,0.051532985812687296
7.7,0.08439452201128,2635.5429969437732,3854.443359375,3621.224445031514,0.2340949922800064,0.0594104308390022,0.12741685089187013
7.8,0.0629178434610366,3213.3097006799594,6675.29296875,4532.9984373037705,0.341035932302475,0.046031746031746,0.5016568655799559
7.9,0.0511829555034637,3457.0419791212676,9087.01171875,4876.6203970802535,0.3681307435035705,0.0394557823129251,0.6320844564860694
8.0,0.0523713752627372,2773.7448378661775,5900.09765625,4488.432849612014,0.3134793043136596,0.0170068027210884,0.37641414881514423
8.1,0.036449134349823,2841.910256356008,6309.228515625,4732.848224104728,0.3297966122627258,0.01859410430839,0.44058176947005034
8.2,0.0156078804284334,1636.7769395935068,2433.251953125,3374.0601076191083,0.1684424877166748,0.0176870748299319,0.014237418897909604
8.3,0.0071688909083604,1563.8753258844283,2648.583984375,2920.055549309978,0.1260705888271331,0.0192743764172335,0.00020860958034287684
8.4,0.004043957684189,1891.4174010956172,3466.845703125,3338.108729613717,0.1534545570611953,0.0256235827664399,0.004306397835808995
8.5,0.0046012015081942,7407.982784642818,12898.388671875,5049.621704494699,0.5946887731552124,0.1269841269841269,1.0
8.6,0.0050950390286743,7064.243430841548,12553.857421875,4749.737382618334,0.553390383720398,0.2117913832199546,1.0
8.7,0.012161093764007,3566.789774969529,7213.623046875,4279.095715357098,0.3523781895637512,0.0836734693877551,0.5384761141585092
8.8,0.013102589175105,3253.1473323026753,6158.49609375,4346.931892498397,0.3175789415836334,0.0507936507936507,0.3822520294601683
8.9,0.0115146394819021,2681.685536472413,4177.44140625,3871.277659320987,0.2413347661495208,0.0571428571428571,0.13178577716041795
9.0,0.0101215941831469,2305.486425020378,4112.841796875,3165.0616222658064,0.1752015203237533,0.063718820861678,0.019763330667452082
9.1,0.0080125583335757,2047.8992837117803,4005.17578125,2494.421447725913,0.1050437167286872,0.0782312925170068,0.008206635678252009
9.2,0.0066096391528844,2199.7535432555305,3940.576171875,2506.816066822432,0.1038301885128021,0.0943310657596371,0.009027461785387665
9.3,0.0056689246557652,2862.965004444548,4155.908203125,3645.340243857112,0.2407724261283874,0.100453514739229,0.12916860959302923
9.4,0.0052369204349815,3176.2390286701702,4521.97265625,4066.088030890837,0.2871361672878265,0.1015873015873015,0.2646521202954321
9.5,0.00493278587237,3471.4786077244275,7773.486328125,4041.972801741992,0.3018254041671753,0.101360544217687,0.3164370364562529
9.6,0.0052082147449254,5102.570435088887,9539.208984375,4164.41023910568,0.3489989936351776,0.145578231292517,0.5229863607667429
9.7,0.0079500805586576,4380.663256845004,9151.611328125,4021.7363332586538,0.2606602311134338,0.146031746031746,0.1823364364620656
9.8,0.0114491507411003,3527.011762068209,8290.283203125,3666.679061498832,0.2190835028886795,0.0970521541950113,0.08305234238852553
9.9,0.0083206389099359,3673.7283380217104,8354.8828125,3887.794972792675,0.2850716710090637,0.0900226757369614,0.2582860958803139
10.0,0.0047911675646901,3465.4431979451633,7881.15234375,4079.186465023725,0.326147198677063,0.082766439909297,0.4147334396744216
10.1,0.00315030827187,2804.005372137098,5577.099609375,3804.661690253844,0.2673656642436981,0.0736961451247165,0.19985877727751267
10.2,0.0027734208852052,2706.3514214493525,5921.630859375,4034.6381159986527,0.2727999091148376,0.0421768707482993,0.21637241480028643
10.3,0.0021495912224054,2400.249766704496,5038.76953125,3674.983069956069,0.1922211199998855,0.0342403628117913,0.03839304710093451
10.4,0.0023246584460139,3026.300548931742,6309.228515625,3788.226401542263,0.2434401363134384,0.0435374149659863,0.1354760164034013
10.5,0.0029117790982127,4113.043701594775,7730.419921875,3509.705593837591,0.2598320245742798,0.1120181405895691,0.18000281480768532
10.6,0.0078838914632797,2906.889873790776,5404.833984375,3726.156530223666,0.2698186933994293,0.1015873015873015,0.2081352419740876
10.7,0.019435690715909,3755.562739868893,9130.078125,4594.499603922867,0.3429162204265594,0.082312925170068,0.4946156641194923
10.8,0.01867769472301,3106.150714255023,7407.421875,4317.56601861807,0.3207773864269256,0.0405895691609977,0.39612857688874353
10.9,0.012955998070538,2965.805714282042,5641.69921875,4224.276870291367,0.3099100887775421,0.0494331065759637,0.3506285495668629
11.0,0.0075501552782952,2786.421208148496,5124.90234375,3818.565133782043,0.2740477323532104,0.064625850340136,0.22170144539732267
11.1,0.0060281949117779,2935.5565605612496,5813.96484375,3678.2183688993337,0.2599484622478485,0.0671201814058956,0.17942166622585762
11.2,0.0050412956625223,2801.3076625312574,5749.365234375,3423.694604116534,0.2104370594024658,0.0634920634920634,0.06649239948201288
11.3,0.003996139857918,2824.0781350330144,5706.298828125,3473.531420024327,0.2205305695533752,0.0621315192743764,0.08493729827310506
11.4,0.0031142635270953,2686.2722005006653,5598.6328125,3656.615644628261,0.2353958338499069,0.05578231292517,0.11593824593607774
11.5,0.0025719963014125,3348.2550229563576,8053.41796875,4338.172827137099,0.3420869410037994,0.0439909297052154,0.48560488044840594
11.6,0.0057368502020835,3392.449716119126,8074.951171875,4059.059941845027,0.2904193103313446,0.1052154195011337,0.27469258909408945
11.7,0.0076449629850685,4117.832866124903,8397.94921875,3794.640316416452,0.2597054243087768,0.1517006802721088,0.17924829734755224
11.8,0.0071317735128104,4844.552762968026,9043.9453125,4084.81308239829,0.3714078366756439,0.1841269841269841,0.6351579202118357
11.9,0.0054488154128193,4995.70598530216,9087.01171875,4129.676372905882,0.3913504183292389,0.1854875283446712,0.7456039606860017
12.0,0.0037870001979172,4661.559284207207,9087.01171875,4135.722942682403,0.3374955356121063,0.1424036281179138,0.4669677664415179
12.1,0.0035210815258324,3674.843209826812,8182.6171875,4156.015220725946,0.3135832250118255,0.0573696145124716,0.36341532855899017
12.2,0.003332866821438,2616.952848180104,6632.2265625,4147.295808858469,0.2780575752258301,0.0396825396825396,0.23240752001209775
12.3,0.0031887276563793,2749.690675760446,7299.755859375,4378.626468062281,0.2905062139034271,0.0324263038548752,0.2741662436423216
12.4,0.0024173005949705,2597.244544561243,7299.755859375,4143.196868122894,0.2189307510852813,0.0312925170068027,0.08079235190072684
12.5,0.0018100048182532,2965.379813073283,7967.28515625,4546.36832065243,0.3090986013412475,0.0331065759637188,0.3427561388739506
12.6,0.0049494989216327,2768.488809368644,5275.634765625,3547.103101390159,0.2316705584526062,0.0598639455782312,0.10821402944309788
12.7,0.0077171036973595,3432.647902362453,8031.884765625,3926.252164065974,0.2883239090442657,0.1428571428571428,0.2672425324818346
12.8,0.0051733376458287,3550.244187634272,8527.1484375,3983.590376664003,0.2495677769184112,0.0873015873015873,0.15084381842682407
12.9,0.0111326137557625,3166.1541288123894,5081.8359375,3886.334082891724,0.2877975702285766,0.091156462585034,0.268494577093682
13.0,0.0267059132456779,2852.455192454589,4478.90625,3793.562460649294,0.2620915472507477,0.0607709750566893,0.19041727674128922
13.1,0.0233396254479885,2453.9668777540496,3940.576171875,3759.066754003677,0.2308336198329925,0.0385487528344671,0.10944131394817132
13.2,0.0122766615822911,2390.428406546096,3962.109375,3881.7356657721793,0.2379101067781448,0.0433106575963718,0.12340191529816896
13.3,0.0087275514379143,1889.8199535102988,2325.5859375,3318.711354067779,0.1742969006299972,0.0410430839002267,0.01892701736741848
13.4,0.0081921154633164,2351.278459699052,4134.375,3470.7739388179248,0.2049548625946045,0.0467120181405895,0.057693649935160386
13.5,0.0064943712204694,2677.678375594161,4285.107421875,3349.42970636225,0.2064562886953354,0.0897959183673469,0.059916302603687424
13.6,0.0057925013825297,2546.951442678011,4177.44140625,2778.558645497621,0.1358855068683624,0.0862811791383219,0.0
13.7,0.005966689903289,3615.425745417762,7019.82421875,3543.952910380332,0.2697665691375732,0.1199546485260771,0.2085850882988734
13.8,0.0050884285010397,4356.447675951758,8376.416015625,3867.881994920893,0.3435182869434356,0.1417233560090703,0.49484816521878716
13.9,0.0044718948192894,4187.243396987184,8010.3515625,3478.0293287075956,0.1871888488531112,0.1462585034013605,0.032774534879846676
14.0,0.0036167271900922,4205.436954998887,8247.216796875,3762.821557203956,0.3014232814311981,0.1480725623582766,0.3160027051269557
14.1,0.002322076819837,4331.704524685246,8634.814453125,4279.131347794912,0.4037014842033386,0.1024943310657596,0.8170088665130182
14.2,0.0014005210250616,3700.385734930696,8031.884765625,4547.043173888316,0.3912652134895324,0.0882086167800453,0.740448786223046
14.3,0.0021439311094582,3308.0521514936713,8096.484375,4726.665117917616,0.3629679381847381,0.0249433106575963,0.5872722378314825
14.4,0.0023740886244922,2627.702870463131,6847.55859375,4475.9549213282135,0.2798335254192352,0.03718820861678,0.23761920992061114
14.5,0.0016321402508765,3214.0065331463297,8699.4140625,5039.202289010288,0.3624842166900635,0.0281179138321995,0.5830138139163299
14.6,0.0014030353631824,3276.1619955498527,9065.478515625,4985.466924914396,0.3599616587162018,0.0501133786848072,0.5693911257013897
14.7,0.002360337646678,2948.92870848683,7019.82421875,4106.3237705950905,0.2748522758483886,0.0653061224489796,0.2222402490256734
14.8,0.0125613957643508,5573.354509244318,12446.19140625,5052.029850411771,0.3179466426372528,0.0691609977324263,0.3873002276887382
14.9,0.014641648158431,4891.491404646492,11735.595703125,4929.1482189921835,0.4170466661453247,0.0609977324263038,0.9061041323195056
15.0,0.0340143963694572,2658.324984106741,3789.84375,3626.031651520473,0.2376294881105423,0.0786848072562358,0.12671548715381034
15.1,0.0395959801971912,2197.6862470236997,2734.716796875,3270.4312534563155,0.180370807647705,0.0575963718820861,0.02751557681861415
15.2,0.0358205400407314,2642.0661802180653,3768.310546875,3962.866911456525,0.2532645165920257,0.0467120181405895,0.16736371064512665
15.3,0.0301116965711116,2658.443944962827,4242.041015625,4183.769481712927,0.2702477574348449,0.036734693877551,0.21548692329714844
15.4,0.0232577342540025,2171.5451112419155,2691.650390625,3716.159712369144,0.213959664106369,0.0392290249433106,0.07525173516163727
15.5,0.0147323748096823,2361.205836109383,3079.248046875,3566.9806866773215,0.2150209099054336,0.0473922902494331,0.07619288572829938
15.6,0.0234207194298505,2753.6173708287065,3639.111328125,3647.452219527782,0.2273762971162796,0.0902494331065759,0.10191754696996683
15.7,0.0088297622278332,2609.564493166758,3703.7109375,3797.03706031568,0.2371397167444229,0.0401360544217687,0.12172251587586334
15.8,0.0060565499588847,4503.680333638387,9302.34375,4595.006017168371,0.417818546295166,0.0820861678004535,0.9068069149820653
15.9,0.0069006970152258,5595.195922241165,10206.73828125,4502.810134756821,0.446048378944397,0.2424036281179138,1.0
16.0,0.0058071124367415,6288.668929437904,10443.603515625,4305.130794589965,0.4621556997299194,0.2673469387755102,1.0
16.1,0.0037061721086502,6241.763874183305,10034.47265625,3957.956996437153,0.4235559403896332,0.2535147392290249,0.9459305661407515
16.2,0.0023173640947788,5882.680550630522,9862.20703125,4184.059293128724,0.4135985970497131,0.2292517006802721,0.8803871244752702
16.3,0.0019003474153578,5483.556675576177,9819.140625,4479.633168449583,0.4347615838050842,0.2365079365079365,1.0
16.4,0.0013923856895416,4600.384424494073,9194.677734375,4277.93079787767,0.3194690942764282,0.1034013605442176,0.3883528545440381
16.5,0.0010929777054116,3882.3853037788817,8871.6796875,4473.76069239008,0.3270820379257202,0.0700680272108843,0.41853926805912406
16.6,0.0009579912293702,3641.7307568881706,9388.4765625,4789.898705371279,0.3349168002605438,0.0587301587301587,0.45148543657290746
16.7,0.0014254134148359,3734.07810363382,9840.673828125,4977.406615210261,0.377080351114273,0.0344671201814058,0.6612358390062211
16.8,0.0078694196417927,7688.017889517229,13199.853515625,4994.773380105202,0.4756640195846557,0.1,1.0
16.9,0.0127153592184185,4458.307163152235,10615.869140625,4767.642580853979,0.4039516746997833,0.0850340136054421,0.8217476824095603
17.0,0.013839385472238,2429.70356685097,3832.91015625,3008.556062725913,0.165078267455101,0.0532879818594104,0.011724395078500325
17.1,0.0101747866719961,2506.043296937618,3832.91015625,3709.7178049485065,0.2388059794902801,0.0517006802721088,0.1254065575015079
17.2,0.0076831541955471,3223.7427810975496,6567.626953125,4657.199647637998,0.3511139750480652,0.0326530612244898,0.5308933223065747
17.3,0.0061219744384288,3604.689632418295,7881.15234375,4938.9082242340555,0.399707943201065,0.0448979591836734,0.7925636153784962
17.4,0.005440707784146,3824.293971494094,8720.947265625,4787.410300606389,0.4106724560260772,0.0480725623582766,0.8593265457527042
17.5,0.0065929871052503,4248.828692275608,8850.146484375,4125.387393583145,0.3554356098175049,0.1074829931972789,0.5528646611254101
17.6,0.0057289451360702,4300.952427544495,9000.87890625,3936.640213844386,0.3180049359798431,0.1390022675736961,0.3818474338589152
17.7,0.0043344288133084,4359.2900018166865,8828.61328125,3932.591159756837,0.3288560509681701,0.1374149659863945,0.42789859342386827
17.8,0.0042681461200118,4014.100793071171,8311.81640625,4325.094354971241,0.3982705175876617,0.1022675736961451,0.7838145179712381
17.9,0.0049288086593151,3743.5341291709624,7622.75390625,4435.491011243357,0.3933247327804565,0.0764172335600907,0.7551767188904493
18.0,0.0037176061887294,3676.7295385507655,7213.623046875,4253.98373707447,0.3695858120918274,0.0816326530612244,0.623439970498641
18.1,0.0028092528227716,3463.122766704867,7515.087890625,4250.309668453958,0.3529060184955597,0.0882086167800453,0.5368206287183005
18.2,0.0019508404657244,3463.4678882892185,8031.884765625,4606.330386344879,0.3731164038181305,0.0501133786848072,0.6403017030892799
18.3,0.002083673607558,3138.394597117078,8204.150390625,4812.293158714347,0.3533845245838165,0.0303854875283446,0.5380363500565855
18.4,0.0018198182806372,3764.303355638697,9410.009765625,4978.277110667195,0.4127098619937897,0.0439909297052154,0.8690414325503124
18.5,0.0018978343578055,3475.974189698,8570.21484375,4808.5249608847325,0.377946138381958,0.0378684807256235,0.6660578784829564
18.6,0.0017372360453009,3800.055261067822,9151.611328125,4877.630902853304,0.4136670529842376,0.036734693877551,0.875994042157412
18.7,0.0016624801792204,2899.4313869327666,7795.01953125,4385.7484274953695,0.2844979763031006,0.0414965986394557,0.25316795559755156
18.8,0.0253682918846607,2117.458274556001,4198.974609375,3759.958533646823,0.207181304693222,0.0265306122448979,0.06319985377694927
18.9,0.0198107920587062,2202.453127618889,4091.30859375,3853.305840066076,0.231477677822113,0.0310657596371882,0.10975926801077453
19.0,0.0268246047198772,2698.372463566454,4758.837890625,4269.4055935265715,0.2903683185577392,0.0385487528344671,0.28113291801202667
19.1,0.0411943644285202,2600.335298323528,4026.708984375,4198.610652654865,0.2758740484714508,0.0378684807256235,0.23579461126136228
19.2,0.0241948366165161,2034.1487567731865,3251.513671875,3734.726026396133,0.2100168317556381,0.0299319727891156,0.06802535666040539
19.3,0.0484575144946575,2525.727770910501,4069.775390625,4046.655428748395,0.2574425935745239,0.0380952380952381,0.18125421412204054
19.4,0.0340561717748642,3081.1143824298388,6761.42578125,4442.009416176475,0.322404682636261,0.0476190476190476,0.40779867153548716
19.5,0.0219421479851007,3252.1920480734684,8785.546875,4641.655115242709,0.316719651222229,0.0662131519274376,0.3787049657422289
19.6,0.0364453792572021,2714.187830503916,4435.83984375,4021.992537177656,0.2718172073364258,0.0380952380952381,0.22199202084743933
19.7,0.0257623363286256,2737.503518877136,4478.90625,3846.326522485374,0.2636295855045318,0.0505668934240362,0.19457003813137713
19.8,0.0165317114442586,2881.607922420815,7730.419921875,4127.113644740056,0.2701728045940399,0.0480725623582766,0.2107348368171265
19.9,0.0141799161210656,3484.333719241756,7902.685546875,4700.5656712692435,0.3822133243083954,0.0530612244897959,0.6947418251920541
20.0,0.0640978142619133,2210.4436022643554,3229.98046875,3504.885888675012,0.2044209837913513,0.0412698412698412,0.0637002888220784
20.1,0.0878219008445739,2335.562055049739,3617.578125,3618.912066448267,0.2183456420898437,0.0498866213151927,0.0928000750989733
20.2,0.1101957559585571,2596.3199346020615,3962.109375,3752.734225596495,0.2389644980430603,0.0498866213151927,0.14403960846839203
20.3,0.1027872115373611,2678.0229780343584,3962.109375,3963.016875117613,0.2600312829017639,0.0401360544217687,0.20100032855197095
20.4,0.1141553819179534,3079.845608717331,6050.830078125,4614.828680287761,0.3338458836078644,0.0326530612244898,0.4859278933595498
20.5,0.0699135661125183,3050.938544049957,6223.095703125,4684.986488093042,0.3388128578662872,0.0321995464852607,0.4935206089047673
20.6,0.0249169915914535,2430.7073461107448,4091.30859375,4266.063357329881,0.2660484313964844,0.0301587301587301,0.20102907687983435
20.7,0.0095745371654629,2762.735768575017,5792.431640625,4617.624637074161,0.3194904029369354,0.0244897959183673,0.38784898503751575
20.8,0.0099603878334164,1186.4617364858625,1722.65625,2676.6712493230148,0.1018806248903274,0.0142857142857142,0.010350237236603688
20.9,0.0115394638851284,4093.37675103789,12058.59375,5242.6966010011065,0.261089026927948,0.0272108843537414,0.18363953387592602
21.0,0.0341170690953731,4321.7645968344,10077.5390625,4518.859375266161,0.3081581592559814,0.1095238095238095,0.3500750621170802
21.1,0.0200431179255247,2619.661082906796,3919.04296875,3436.7141705389877,0.2183100432157516,0.0868480725623582,0.08280588374456951
21.2,0.0132876811549067,2491.876410974635,3919.04296875,3906.493741075773,0.2437445223331451,0.0532879818594104,0.1377108214645617
21.3,0.0129001885652542,2365.9781519447833,3811.376953125,4076.647282918681,0.2458268702030182,0.0353741496598639,0.14282854381403196
21.4,0.0121006947010755,2615.2623271245234,5017.236328125,4489.865226949836,0.2940123081207275,0.0222222222222222,0.290042861061501
21.5,0.0096154427155852,2439.8964497531824,4543.505859375,4319.541718299088,0.2693197131156921,0.027891156462585,0.20728844221524056
21.6,0.0078667616471648,2430.417999421688,4888.037109375,4471.409005446434,0.2833015918731689,0.0183673469387755,0.2513737951492998
21.7,0.0087927486747503,2540.8508860773422,5620.166015625,4687.842393486621,0.3001911640167236,0.0151927437641723,0.311096141057607
21.8,0.0095726996660232,4042.8355661645346,10314.404296875,5197.889088508937,0.381556749343872,0.0356009070294784,0.6899048828284052
21.9,0.0086938664317131,4862.159710940724,10185.205078125,4738.879255549759,0.409836083650589,0.1213151927437641,0.8571932342364074
22.0,0.0077806711196899,4909.188534516109,9517.67578125,4242.69272978261,0.3516593277454376,0.165079365079365,0.5350812766916685
22.1,0.0102791329845786,4377.123753479963,9043.9453125,4353.651856897009,0.3542254567146301,0.0938775510204081,0.5488312490072647
22.2,0.0096049001440405,3846.658735458832,8484.08203125,4080.817348089629,0.281952440738678,0.0607709750566893,0.24917003116055983
22.3,0.0078152185305953,3271.4756112041273,7751.953125,3918.3454287722216,0.261006087064743,0.0501133786848072,0.18296482196495306
22.4,0.0061349454335868,3082.0824390964754,7105.95703125,3839.8458841693814,0.2581787109375,0.0494331065759637,0.17449838677601384
22.5,0.0070194290019571,2628.1117544495996,5254.1015625,4011.422616224612,0.2750331461429596,0.0224489795918367,0.22495797608357376
22.6,0.0078895883634686,2764.7656895952337,6244.62890625,4692.406290955351,0.3241585195064544,0.0133786848072562,0.40689800223978156
22.7,0.0069234753027558,3064.5592414938983,7299.755859375,4904.013154779595,0.3606109023094177,0.0117913832199546,0.5767715801452387
22.8,0.0058468622155487,2678.0638393124536,6244.62890625,4819.459368749609,0.3175592720508575,0.0149659863945578,0.37814684933346343
22.9,0.0065511739812791,5438.464485221158,13307.51953125,6027.970574854951,0.5084701776504517,0.0507936507936507,1.0
23.0,0.0167191307991743,4908.008592521485,11175.732421875,4904.846715354635,0.434059202671051,0.0947845804988662,1.0
23.1,0.0392618738114833,3273.030799233518,5878.564453125,4055.477896715362,0.3158337473869324,0.0800453514739229,0.38271211738259486
23.2,0.0535105057060718,3372.7386462507375,6287.6953125,4353.452479220063,0.3373937904834747,0.0643990929705215,0.4820103777399903
23.3,0.0506054498255252,2773.9581932520737,4349.70703125,3753.5474379823168,0.251993715763092,0.0589569160997732,0.16682689933478784
23.4,0.0464600250124931,2495.6402633850917,3660.64453125,3497.5792863032048,0.2192792445421219,0.0462585034013605,0.08893476097520046
23.5,0.0390105284750461,2595.7548368063526,3725.244140625,3914.3869059234366,0.2502849698066711,0.0344671201814058,0.1601287676851631
23.6,0.0237639397382736,2131.841876616708,3251.513671875,3326.7775025623223,0.184408500790596,0.0390022675736961,0.03076490541639939
23.7,0.0121815372258424,1878.2211358502375,3617.578125,2789.528089212962,0.1348934769630432,0.0544217687074829,0.0
23.8,0.0088530406355857,1808.6504048256656,3617.578125,2456.852219377779,0.1033085212111473,0.0587301587301587,0.009289880416432828
23.9,0.0128645291551947,3470.858434986021,7385.888671875,4274.235993925603,0.3400105237960815,0.0759637188208616,0.47956313667645983
24.0,0.0143642043694853,4639.988121473899,8914.74609375,4339.9484982836,0.4167166948318481,0.1537414965986394,0.902093119413091
24.1,0.0135753555223345,4965.793517817108,8828.61328125,3928.7788635907577,0.2950727045536041,0.1947845804988662,0.296208870015991
24.2,0.0111098801717162,4363.550951306477,8613.28125,3897.5832525927217,0.2174737900495529,0.1312925170068027,0.08084112344397953
24.3,0.0090401545166969,3948.8057914603983,8484.08203125,3960.128951567671,0.2503118515014648,0.1272108843537415,0.15382588468161007
24.4,0.0074595622718334,3385.677437300844,7967.28515625,4245.714500308702,0.3242863118648529,0.0746031746031746,0.40725604155679257
24.5,0.00569365080446,3308.2083117240113,7062.890625,4359.541343239506,0.3361934125423431,0.0687074829931972,0.45934521410701584
24.6,0.005785924848169,2603.689110083443,4414.306640625,3943.0626139741553,0.2575936615467071,0.0605442176870748,0.1724933392258746
24.7,0.0059594162739813,2329.102151734466,3682.177734375,3647.875218592289,0.2174386084079742,0.0555555555555555,0.0790854868188029
24.8,0.0056233475916087,2408.6515173766156,3703.7109375,3645.080831465537,0.2214463502168655,0.0585034013605442,0.08684618480228978
24.9,0.0053688627667725,3040.688213701397,5749.365234375,4512.297182985168,0.3213497400283813,0.054875283446712,0.3946633938585841
25.0,0.0108441533520817,6192.2750677274935,12704.58984375,5264.8665294439015,0.4974145293235779,0.0748299319727891,1.0
25.1,0.0068059805780649,5445.781693497602,12252.392578125,5309.477091511715,0.505827009677887,0.0852607709750566,1.0
25.2,0.0068660960532724,3051.5284673054025,6869.091796875,4200.975103954009,0.3115043938159942,0.0698412698412698,0.35409233046577415
25.3,0.0454539768397808,3057.0106984275485,6072.36328125,4461.151007606577,0.3230704069137573,0.0480725623582766,0.41460686896276305
25.4,0.0582758113741874,2838.596417892901,4414.306640625,3974.243825213375,0.2769334316253662,0.0482993197278911,0.24383998104852186
25.5,0.055720891803503,2099.246457157249,3337.646484375,2847.765936449614,0.1545734405517578,0.0451247165532879,0.006797426028318334
25.6,0.0386553667485713,2803.888684104048,4672.705078125,4038.308716575608,0.2850624322891235,0.0505668934240362,0.26596781808596237
25.7,0.0399684756994247,2972.360177785972,5038.76953125,4212.623600561839,0.2990466654300689,0.0607709750566893,0.31655606210534626
25.8,0.0323050767183303,2475.8074114160863,3660.64453125,3772.108604737451,0.2333937287330627,0.0263038548752834,0.11703617357792877
25.9,0.0203958004713058,2658.9383750383936,4177.44140625,4216.410604152712,0.2787037789821625,0.0240362811791383,0.24044368860234627
26.0,0.0151676386594772,2306.4365604404597,3639.111328125,3373.295915013998,0.2001031637191772,0.0526077097505668,0.05096533839792047
26.1,0.014246042817831,2622.3186279978854,4026.708984375,2924.277660203917,0.1522839814424514,0.0841269841269841,0.004137263729332417
26.2,0.0102586038410663,3055.8096793411014,5878.564453125,3310.5554930592293,0.2138943076133728,0.0947845804988662,0.07331984451605787
26.3,0.0095083955675363,3785.388427523715,7687.353515625,4016.466798286801,0.3395425081253052,0.1027210884353741,0.47690840635811427
26.4,0.0084252888336777,4041.946397814288,8247.216796875,4229.958092092298,0.3724099695682525,0.1027210884353741,0.6404679950396962
26.5,0.0064678834751248,3131.848904278924,5900.09765625,3571.377434314304,0.2550116777420044,0.0875283446712018,0.1659716016566496
26.6,0.0046967025846242,2854.8804906408204,4974.169921875,3347.1622828618956,0.2142859101295471,0.0773242630385487,0.07344040759167089
26.7,0.0047000437043607,2664.615504207969,4134.375,3449.330663401234,0.2175617516040802,0.0780045351473922,0.07936934226445608
26.8,0.0047406214289367,3496.649422627592,6244.62890625,4373.992732040801,0.3361338078975677,0.0798185941043083,0.45983387136796383
26.9,0.0045889918692409,3625.397694298831,6782.958984375,4646.938641403911,0.3637201488018036,0.0791383219954648,0.5928489502781739
27.0,0.0048939539119601,2668.9653793619736,3962.109375,3825.466027040407,0.2492061108350753,0.0746031746031746,0.15003116307436665
27.1,0.0089077707380056,2877.055544230779,4392.7734375,3980.461683881516,0.2766456007957458,0.0591836734693877,0.23094671728191243
27.2,0.0125662628561258,4927.942818807443,11304.931640625,4963.510296489421,0.4281001985073089,0.0476190476190476,0.9779561848077448
27.3,0.0401769652962684,3475.4472205437664,7235.15625,4050.835846821633,0.2946307957172394,0.1063492063492063,0.29961672654112903
27.4,0.0530282780528068,3407.868719010662,6223.095703125,4190.156716251379,0.3265461027622223,0.0696145124716553,0.4331515108904248
27.5,0.0509765148162841,3204.972281335359,5490.966796875,4229.635694767218,0.3102145791053772,0.0589569160997732,0.36376882628130763
27.6,0.0531234480440616,2256.2596911364512,3079.248046875,3136.4273364055616,0.1764552295207977,0.0603174603174603,0.024346313272387596
27.7,0.0388992875814437,2317.719684957762,2971.58203125,3414.878876023904,0.2007177770137787,0.0476190476190476,0.05485095839500631
27.8,0.0193859338760375,2482.7883529415585,3380.712890625,3544.6596814842505,0.2198851108551025,0.0539682539682539,0.08613173043305579
27.9,0.0124493353068828,1910.5642651064504,2971.58203125,2685.434162582649,0.1336389333009719,0.046485260770975,0.0
28.0,0.009542086161673,2152.8854369812184,3122.314453125,2683.1279782850725,0.1444473266601562,0.0594104308390022,0.0011702753950461903
28.1,0.0119717037305235,2183.46592064813,3057.71484375,2663.45633670116,0.1437589079141616,0.0807256235827664,0.0010044195329790109
28.2,0.0103683313354849,2657.693959637508,4565.0390625,3570.72630937636,0.2379150986671447,0.0795918367346938,0.12297587597103742
28.3,0.0263399388641119,2789.252309966469,5447.900390625,4025.2859337102664,0.2867656946182251,0.0285714285714285,0.2687848753392057
28.4,0.0384368561208248,3158.785926990347,5361.767578125,4034.482883849113,0.3049631118774414,0.0648526077097505,0.3392838965117384
28.5,0.045629721134901,3259.8997481613455,6115.4296875,4175.441227449214,0.3240758776664734,0.0714285714285714,0.4194168734222183
28.6,0.0369574390351772,3023.5896968232432,6610.693359375,4045.1816542692577,0.2972145080566406,0.046938775510204,0.30863563267570615
28.7,0.0149241341277956,3297.5215534759022,7730.419921875,4026.908151515825,0.3020324409008026,0.0435374149659863,0.32101122153422806
28.8,0.0070321387611329,2915.530121276218,6632.2265625,3961.578365728255,0.2855028808116913,0.0526077097505668,0.2587553167026473
28.9,0.0065067205578088,2588.44916308806,5684.765625,3838.0664570874583,0.2583223283290863,0.0297052154195011,0.174716875141611
29.0,0.0238245110958814,3998.4216096634623,7385.888671875,4187.599577447477,0.3540243804454803,0.0707482993197279,0.553396981412045
29.1,0.0420201197266578,3729.556462267949,7816.552734375,4008.1610622976377,0.3220084607601166,0.091609977324263,0.40972606975803516
29.2,0.0396878607571125,2743.051990418918,4435.83984375,3002.20796388671,0.131338432431221,0.0809523809523809,0.0
29.3,0.0330909714102745,2440.911688924667,3682.177734375,2732.9440942841034,0.1481566727161407,0.0809523809523809,0.002940914765373817
29.4,0.0271586272865533,2511.420021041914,3660.64453125,2858.1018409814815,0.1634812355041504,0.0809523809523809,0.011207702515996926
29.5,0.0252101421356201,2540.678369294292,3660.64453125,2618.7997926084995,0.141919270157814,0.0913832199546485,0.0008157254194456055
29.6,0.0170114692300558,2899.3678191321264,4349.70703125,2930.142422821444,0.1839896589517593,0.1018140589569161,0.02985257232633065
29.7,0.0215099267661571,2693.161523908629,4220.5078125,3007.2149669400333,0.1813005954027176,0.0814058956916099,0.027135928167479312
29.8,0.0115732699632644,2602.631797015972,3962.109375,3391.223429963169,0.2176183462142944,0.0709750566893424,0.08049487530478965
29.9,0.0090675093233585,2742.346539914899,4909.5703125,3474.0697343707375,0.2407704889774322,0.0600907029478458,0.1299888955888469
30.0,0.0159608367830514,3772.4713050794344,7773.486328125,4020.960249295324,0.3314773142337799,0.0913832199546485,0.4428187531268292
30.1,0.0583946704864501,3544.7489881850115,7235.15625,3749.819543391556,0.2956575751304626,0.0968253968253968,0.3091784111493988
30.2,0.0271428022533655,3183.1514110031403,5900.09765625,3366.805998014572,0.2235634624958038,0.0950113378684807,0.09462408238330226
30.3,0.0128298243507742,2996.7515197031516,5469.43359375,3513.654876095594,0.2405153512954712,0.0809523809523809,0.1300140588969277
30.4,0.0063268826343119,2911.06511182452,5275.634765625,3769.110616163832,0.2706547379493713,0.073015873015873,0.21103784206573553
30.5,0.0041608759202063,2660.3771651362526,4672.705078125,3843.3794217421464,0.2600312530994415,0.0575963718820861,0.1791381421751055
30.6,0.0040199225768446,3025.95260271917,6546.09375,4064.704620252056,0.3039372563362121,0.0630385487528344,0.32434149254171524
30.7,0.0034652287140488,3363.658197707392,7751.953125,3804.651624706418,0.2721156179904938,0.0913832199546485,0.21450108733144707
30.8,0.0028596450574696,3240.541437299768,7644.287109375,3660.164981718096,0.2012422382831573,0.0786848072562358,0.05121396451034789
30.9,0.0047230296768248,6956.386281274582,10314.404296875,4162.134661745215,0.3915847241878509,0.1231292517006802,0.7592997826120942
31.0,0.0059513631276786,6743.267606609182,10099.072265625,4072.28818835859,0.4049172699451446,0.2208616780045351,0.8340156394084404
31.1,0.0196461696177721,2720.7068718545456,5555.56640625,3823.3122866059784,0.2616728842258453,0.0714285714285714,0.18652613454178688
31.2,0.0713279470801353,2659.801863386109,4565.0390625,4124.246757500193,0.2710004150867462,0.0297052154195011,0.2274296957431654
31.3,0.10573211312294,2803.2158946186287,4715.771484375,4254.0627825773045,0.2867343425750732,0.0297052154195011,0.2895830860991373
31.4,0.121472954750061,2721.8104757391015,4478.90625,4170.10035617691,0.2780784070491791,0.0312925170068027,0.263207818483182
31.5,0.0953854024410247,2302.376693436585,3875.9765625,3296.775356492906,0.1811229288578033,0.0433106575963718,0.033200643610985354
31.6,0.1412619203329086,2256.836260549177,3875.9765625,3057.277458303077,0.1624965369701385,0.0453514739229024,0.01718022864535638
31.7,0.1194367781281471,3111.63292760622,5103.369140625,4071.928894886833,0.2964242100715637,0.0492063492063492,0.32979930304235905
31.8,0.1589285135269165,3073.3210892776556,4737.3046875,3970.611184689293,0.2897715866565704,0.0594104308390022,0.31555141990949515
31.9,0.0760380923748016,2943.20694461017,5447.900390625,3701.215985192155,0.2618828117847442,0.05578231292517,0.20048783730837844
32.0,0.1344558298587799,2883.8243197761235,5146.435546875,3740.521841331061,0.2628436088562011,0.0315192743764172,0.2170806279463592
32.1,0.1748953759670257,2457.344270663327,3940.576171875,3363.568116979793,0.2009034901857376,0.0485260770975056,0.07202374017659363
32.2,0.2103447020053863,2122.2147283033946,3337.646484375,2874.84470760086,0.1491371095180511,0.0628117913832199,0.01062256934188307
32.3,0.1610222458839416,2526.788392950843,3660.64453125,3144.595870645121,0.1870648562908172,0.0741496598639455,0.04776263650246188
32.4,0.1310247629880905,2569.0987875238175,4005.17578125,3491.939379421974,0.2162530422210693,0.0437641723356009,0.09554494889854949
32.5,0.1148537173867225,2653.9114411455766,4048.2421875,3609.3400332662936,0.2291819751262664,0.0528344671201814,0.12124437880323795
32.6,0.1555285602807998,2453.542512707615,3725.244140625,3563.742528007798,0.2138203531503677,0.0414965986394557,0.09415799499517372
32.7,0.1666222661733627,2968.243948484082,4931.103515625,4177.603445100652,0.2907077372074127,0.046485260770975,0.3208795583033227
32.8,0.1309347003698349,3404.52334997599,7062.890625,4689.402904020932,0.3583825230598449,0.0419501133786848,0.6134801148125227
32.9,0.0299053508788347,4580.371682985288,10615.869140625,5101.7920596952745,0.4797104895114898,0.0854875283446712,1.0
33.0,0.0284962151199579,3988.718393481264,9130.078125,4561.606426858214,0.3779482841491699,0.0809523809523809,0.6777051859887842
33.1,0.0504004843533039,3312.9270585256213,6266.162109375,3568.1477651096216,0.2449480891227722,0.0877551020408163,0.14821786640347206
33.2,0.0695668458938598,3226.1891379953727,5792.431640625,3037.836870785947,0.1755864024162292,0.0936507936507936,0.02494909754987709
33.3,0.0629445686936378,3296.659928023501,5684.765625,3609.935836874448,0.2694990932941437,0.0757369614512471,0.22143228160172626
33.4,0.0741847455501556,3051.038868827776,4457.373046875,3766.421712533947,0.2655034065246582,0.0780045351473922,0.2113128474590791
33.5,0.0533349588513374,2902.5330474845646,4414.306640625,3923.3209076071425,0.2761234939098358,0.0448979591836734,0.24031771244091962
33.6,0.026644866913557,3165.1112636533753,5727.83203125,4413.555127767045,0.332986444234848,0.0448979591836734,0.45296247742154544
33.7,0.0149850593879818,2612.1523563598957,4026.708984375,3689.72031431323,0.2344299107789993,0.0585034013605442,0.11613501056678656
33.8,0.0111301988363265,2294.411767398077,3768.310546875,3174.8340270234753,0.1759812086820602,0.0612244897959183,0.02065146758184653
33.9,0.0098454831168055,3124.5040544713397,7192.08984375,4043.082310079504,0.2782618105411529,0.065079365079365,0.23540785858084257
34.0,0.0190961062908172,4807.450663413982,9776.07421875,4362.984906358606,0.3876116573810577,0.1857142857142857,0.7277898438666105
34.1,0.0517528690397739,4220.481284307229,8936.279296875,4328.756917384769,0.4014257192611694,0.0861678004535147,0.8249306459659329
34.2,0.0405802279710769,3679.0500546469384,7924.21875,4332.796064785662,0.3726116716861725,0.0675736961451247,0.6538577278192671
34.3,0.018472546711564,3768.920405801965,7967.28515625,4296.280845365795,0.3732143044471741,0.0777777777777777,0.6484267449595836
34.4,0.0080537088215351,3720.235605957221,7967.28515625,4082.702313327574,0.340397447347641,0.082766439909297,0.48043994811455615
34.5,0.0052118953317403,3595.9003971316633,7924.21875,4133.856109428796,0.346561074256897,0.0809523809523809,0.5078150006641883
34.6,0.004319813568145,2490.1075936829043,5275.634765625,3491.8518107198825,0.2257515490055084,0.0634920634920634,0.09490128766072008
34.7,0.0036682211793959,3077.0165001491623,6976.7578125,4144.899054529148,0.3135192692279815,0.0523809523809523,0.36180950329870215
34.8,0.0036277610342949,2978.943651700407,6869.091796875,4622.235243692356,0.3359211087226867,0.0260770975056689,0.45720123903615184
34.9,0.0034276503138244,2771.4919743667533,6007.763671875,4530.897906869444,0.3067673146724701,0.0263038548752834,0.334968614162483
35.0,0.0877616927027702,3856.727427832763,7687.353515625,4144.898595664956,0.3098553419113159,0.0689342403628117,0.3742198102410383
35.1,0.1485903412103653,3552.494843418342,5770.8984375,4002.660310678147,0.3075513839721679,0.0861678004535147,0.3829135869354941
35.2,0.1266935169696808,3033.494197365962,4112.841796875,3500.614849149349,0.2356660813093185,0.0861678004535147,0.1392882623074274
35.3,0.1454658955335617,3173.6012716268933,4371.240234375,3789.9988544471216,0.2638931572437286,0.0854875283446712,0.22291052422971072
35.4,0.1159584298729896,3170.1067372281004,4694.23828125,3820.234420192327,0.27049320936203,0.0850340136054421,0.23684341678153156
35.5,0.0809292271733284,2612.7980443197,3186.9140625,3154.1006369586576,0.1904339492321014,0.082312925170068,0.044218421257346256
35.6,0.0203074496239423,3438.622748061451,6459.9609375,4490.655648434478,0.3518424928188324,0.0793650793650793,0.5386390693802123
35.7,0.015836015343666,3237.507493044132,5620.166015625,4342.923129062223,0.3234058916568756,0.0687074829931972,0.40727859695867036
35.8,0.0096022542566061,2481.7718359423548,3639.111328125,3481.467683621119,0.2132526040077209,0.0773242630385487,0.07194351939667697
35.9,0.0076651582494378,2969.950043721681,5598.6328125,3788.828945434308,0.265044629573822,0.073922902494331,0.19444892633443386
36.0,0.0167684592306613,5679.758184030146,9733.0078125,4143.021637120813,0.3960041403770447,0.2387755102040816,0.7785393045973036
36.1,0.0326622202992439,5638.785671509271,9108.544921875,3982.613423524055,0.3471057116985321,0.200453514739229,0.5248052809379634
36.2,0.0269955452531576,4561.621945612983,8656.34765625,4031.6778126449344,0.3342787027359009,0.1600907029478458,0.4595440082915488
36.3,0.0447644926607608,3438.7823757207884,7105.95703125,3444.350058026745,0.2407072484493255,0.0934240362811791,0.13641459036359127
36.4,0.0609233379364013,2808.407051287614,4242.041015625,3468.6727642175456,0.2455080896615982,0.0603174603174603,0.15186886649491851
36.5,0.0463102087378501,2825.5542692725876,4349.70703125,3946.146454992605,0.2823397815227508,0.0496598639455782,0.2589544515958581
36.6,0.0260492339730262,2725.024989814852,4414.306640625,3839.262998471376,0.2651781737804413,0.0430839002267573,0.19938649698860314
36.7,0.0116944415494799,2894.3994380441577,5060.302734375,4321.28538530809,0.3059648871421814,0.0435374149659863,0.33504038295254507
36.8,0.0081514930352568,2574.0345911045333,4435.83984375,4145.181834548678,0.2777406275272369,0.0344671201814058,0.2337659047978342
36.9,0.0042097764089703,2983.0385196108077,5318.701171875,4105.563978125641,0.3032079339027405,0.0480725623582766,0.32264216978555266
37.0,0.0234372112900018,5326.110162948407,12295.458984375,4983.422501911603,0.4093130528926849,0.1265306122448979,0.8606179043424798
37.1,0.016317069530487,4616.905725252954,9840.673828125,4483.975580424904,0.3751146793365478,0.1052154195011337,0.6592422790782873
37.2,0.0055122324265539,2826.754920599006,6459.9609375,3245.2201548000894,0.1533105671405792,0.0777777777777777,0.0041806247050190015
37.3,0.027356868609786,3510.5292483985077,6589.16015625,3884.0615473667776,0.3109494149684906,0.0600907029478458,0.36055711187222456
37.4,0.0566810145974159,3139.8166426648186,5577.099609375,3728.289356248814,0.2775619626045227,0.0732426303854875,0.24545104458815659
37.5,0.0482918918132782,3418.7286221200297,6352.294921875,3729.708373762732,0.283064991235733,0.0956916099773242,0.2617899993474581
37.6,0.0399169512093067,2975.7932148333566,5361.767578125,3274.89198180572,0.2061692476272583,0.0972789115646258,0.06363314072651931
37.7,0.0303412415087223,2281.5032237003848,3466.845703125,2455.176095671638,0.1133171170949935,0.1015873015873015,0.0030799551646003734
37.8,0.0218400303274393,2771.3572605569875,4134.375,3186.8069887144297,0.1982508599758148,0.1104308390022675,0.04888157201366933
37.9,0.0198069978505373,3878.503522137986,7019.82421875,4393.547136816957,0.3644943535327911,0.1052154195011337,0.6030915217013786
38.0,0.0188262984156608,4301.552098657186,8419.482421875,4757.307640030783,0.4360847175121307,0.1011337868480725,1.0
38.1,0.0192262399941682,3662.801117667194,7385.888671875,4479.718760615828,0.3813135921955108,0.0879818594104308,0.6921956388947706
38.2,0.0144721949473023,4108.777085992939,8656.34765625,4329.909888207725,0.397232323884964,0.1052154195011337,0.7821966055714754
38.3,0.0146107459440827,4551.672493030366,8871.6796875,4010.253862992096,0.3686080276966095,0.1267573696145124,0.6242571153073023
38.4,0.0080615105107426,4588.088855730543,8484.08203125,3813.993086964314,0.3376613557338714,0.1571428571428571,0.4692496605029491
38.5,0.0053126346319913,4336.108365071819,8656.34765625,3887.0572277649208,0.3217495083808899,0.1269841269841269,0.3981500469713321
38.6,0.003744424553588,3540.031632917931,7751.953125,3715.5184005104206,0.2610301077365875,0.1027210884353741,0.18198007386590329
38.7,0.002655227901414,3238.480047258724,6998.291015625,3681.836469043123,0.2627478241920471,0.081859410430839,0.18666403954744648
38.8,0.0020062592811882,3709.643833358453,7902.685546875,4327.878946524426,0.3806450068950653,0.0791383219954648,0.6818958140392051
38.9,0.0019914056174457,3552.7072589877603,8053.41796875,4731.903047986525,0.3935620188713074,0.046031746031746,0.7545679992611208
39.0,0.0063282852061092,3535.505184164067,9087.01171875,4247.771834757189,0.2770579755306244,0.0845804988662131,0.23028584748638659
39.1,0.0294651631265878,4129.421632389804,9797.607421875,4388.469408453673,0.3132967948913574,0.0780045351473922,0.3697921282351434
39.2,0.0176535341888666,3112.472978683528,5943.1640625,3810.790118860976,0.287224143743515,0.0795918367346938,0.26785525540658367
39.3,0.0580271184444427,2768.907113507258,4565.0390625,3276.220740193928,0.2167670130729675,0.0759637188208616,0.08553153470461894
39.4,0.1350083351135254,2941.3785810975146,4694.23828125,3575.7072037777803,0.2519205212593078,0.0684807256235827,0.18426530233350494
39.5,0.1227759718894958,3299.665754769209,5254.1015625,4074.76167947282,0.298004001379013,0.0732426303854875,0.33675466976472423
39.6,0.1190397068858146,3250.357871501508,4995.703125,4159.43030909498,0.2993237674236297,0.0612244897959183,0.34105275960990084
39.7,0.0491811260581016,2904.093258563342,4371.240234375,3879.5896402107433,0.2632808983325958,0.0668934240362811,0.19880229998510668
39.8,0.0661582350730896,2518.981706136817,3509.912109375,2902.258213846794,0.1672585606575012,0.0950113378684807,0.016412679889796892
39.9,0.0202246624976396,2483.520513877956,3660.64453125,3020.7263651162,0.1818293780088424,0.082312925170068,0.027490979964688446
40.0,0.0163869746029377,3155.7233054514854,5964.697265625,3510.010966985401,0.2448374181985855,0.0857142857142857,0.14137995884299873
40.1,0.0153992176055908,4796.014337945754,9388.4765625,4005.4176500736185,0.2862018644809723,0.1512471655328798,0.26545840331597587
40.2,0.0125037468969821,5941.104475825019,10185.205078125,4061.3881063336503,0.3129222691059112,0.2374149659863945,0.36581625043103627
40.3,0.0150191076099872,5266.85532062856,9625.341796875,3961.529688973525,0.2566764950752258,0.1975056689342403,0.17380992004543727
40.4,0.0279190260916948,4345.066653289339,8634.814453125,4110.277795561121,0.3708436191082001,0.1149659863945578,0.6407400416130143
40.5,0.0408580154180526,4464.100605254979,8570.21484375,4586.625256657015,0.4248859584331512,0.0986394557823129,0.9687646666454159
40.6,0.0399157777428627,3378.1106245297306,5404.833984375,3781.845417871694,0.2913710176944732,0.0931972789115646,0.28914239967670113
40.7,0.0274120066314935,2538.2841759510843,3746.77734375,3010.798194130269,0.1814018636941909,0.0687074829931972,0.02776294994257583
40.8,0.0110220471397042,2895.3978070666326,4866.50390625,3892.9414916443593,0.2740472853183746,0.0546485260770975,0.22315762313791607
40.9,0.0070150005631148,2413.2475443717526,3552.978515625,3116.693260045242,0.18764129281044,0.0600907029478458,0.03326684593454191
41.0,0.0053864209912717,6578.916397181163,11477.197265625,4562.86747649904,0.4701054990291595,0.109750566893424,1.0
41.1,0.0656795129179954,3996.3233398839234,8979.345703125,4143.473808548919,0.2729297280311584,0.1029478458049886,0.23229561498012113
41.2,0.0696257129311561,2191.9233463499836,2627.05078125,2712.090967193488,0.1414158195257187,0.0709750566893424,0.0015825502298375893
41.3,0.0501148961484432,2159.812061361442,2605.517578125,2988.1825769666066,0.1554212570190429,0.0673469387755102,0.007079720748202431
41.4,0.0419429093599319,2193.7972166161653,2950.048828125,2777.798778095368,0.1223897188901901,0.073922902494331,0.0003104464533203024
41.5,0.0351063385605812,2241.63565059812,3036.181640625,3087.3590444935235,0.1628716588020324,0.0482993197278911,0.01127074259568879
41.6,0.0261890739202499,2127.1024313439957,3122.314453125,3179.3819089100507,0.1696319282054901,0.0408163265306122,0.01599835663505979
41.7,0.0207411628216505,2049.080748948857,2971.58203125,3245.80240370164,0.1800392568111419,0.0392290249433106,0.025580023685072572
41.8,0.0195335131138563,2582.53372982388,4177.44140625,3890.7577249046262,0.2490241378545761,0.0507936507936507,0.1524621940130639
41.9,0.0144901983439922,2812.4484774461716,5167.96875,3822.690585501112,0.2590154409408569,0.0530612244897959,0.1787097585321686
42.0,0.0140427034348249,3076.116928963089,5964.697265625,3865.8089573456177,0.2825539708137512,0.0755102040816326,0.2509950445216794
42.1,0.0190127566456794,3500.2122606554644,6524.560546875,4135.308824115938,0.332466721534729,0.0829931972789115,0.4480823343665361
42.2,0.0204037819057703,3507.141708579904,6503.02734375,4074.341046674997,0.3104266822338104,0.091156462585034,0.35532385247361986
42.3,0.0297010019421577,2736.899565478337,4328.173828125,3452.5183177645376,0.2156100571155548,0.0750566893424036,0.07927046909460123
42.4,0.0352027975022792,2757.378058738161,4306.640625,3842.9586802133617,0.2499430924654007,0.0662131519274376,0.1580334082967732
42.5,0.0544670447707176,3418.1066766588433,6804.4921875,4597.3183401320175,0.3554296195507049,0.0578231292517006,0.5692039360933652
42.6,0.0440487824380397,3332.2290445385315,6847.55859375,4656.804097940122,0.3605801463127136,0.054875283446712,0.5910259091326273
42.7,0.0443436428904533,2678.827262531692,5383.30078125,3823.903953577431,0.258983701467514,0.0544217687074829,0.18436142464325603
42.8,0.0586041994392871,3680.9777607844594,8957.8125,4311.908722179302,0.313240647315979,0.0723356009070294,0.3773639135268795
42.9,0.0740105733275413,2438.0857222625864,5146.435546875,3805.828278312308,0.2416841983795166,0.0723356009070294,0.1427743081732807
43.0,0.2029725760221481,2082.7519538044917,3811.376953125,3967.990678581181,0.2283325642347335,0.0251700680272108,0.13389395235854012
43.1,0.2288608849048614,2647.9068190267376,6287.6953125,4626.846596679185,0.3096185028553009,0.0172335600907029,0.4140101653955216
43.2,0.2185607105493545,2757.123041583141,6287.6953125,4783.038845267283,0.3249180614948272,0.0181405895691609,0.479004766238592
43.3,0.2078499048948288,2788.112279883958,6438.427734375,4860.006524430317,0.3326567709445953,0.0063492063492063,0.511942433417336
43.4,0.1673948168754577,2643.00855128035,6244.62890625,4750.335102696176,0.3140987753868103,0.0077097505668934,0.4138708284519498
43.5,0.1015718132257461,1751.502465362822,2842.3828125,3697.186974568195,0.1938811838626861,0.009297052154195,0.05104503617869565
43.6,0.0472355410456657,2131.1864016745308,3574.51171875,3910.832554131486,0.2312987297773361,0.028344671201814,0.11394662223118884
43.7,0.0557709857821464,1845.1020567616345,3337.646484375,2730.028535679611,0.1302069425582885,0.0340136054421768,0.0
43.8,0.0723034590482711,1761.627357617328,3273.046875,2489.901457677922,0.1099860221147537,0.0575963718820861,0.0032598470917730685
43.9,0.0367434471845626,2175.8070775591714,3682.177734375,3667.55573143076,0.2155594229698181,0.027437641723356,0.0799235391033004
44.0,0.0305439084768295,2721.170951768826,5986.23046875,4263.963313019537,0.2915803790092468,0.0426303854875283,0.2856295456086119
44.1,0.0539308525621891,2409.251936511549,4026.708984375,3172.2005643233665,0.1925380080938339,0.0578231292517006,0.04413551396121894
44.2,0.0340789519250392,2546.2627183205923,4521.97265625,3198.8916717182515,0.1935673952102661,0.0523809523809523,0.04364268959505356
44.3,0.0136175295338034,3773.176126542862,8376.416015625,3920.87989240751,0.2577123045921325,0.1090702947845805,0.17472830916594106
44.4,0.0102330995723605,5545.100301501519,9625.341796875,4077.418546057281,0.2938031852245331,0.2126984126984127,0.2916786771062966
44.5,0.0146345878019928,6597.453496397419,9496.142578125,3947.8146925575065,0.3988930284976959,0.3287981859410431,0.7966967941289999
44.6,0.0081348093226552,6244.641741182152,9453.076171875,4215.027889600742,0.4492622315883636,0.2478458049886621,1.0
44.7,0.004230223596096,3894.118596870529,8290.283203125,3821.0833036068375,0.2689382135868072,0.1022675736961451,0.20601473544827958
44.8,0.0035254480317234,2954.42513791715,6029.296875,3601.0206369482275,0.2541110515594482,0.0714285714285714,0.16271527687909257
44.9,0.0194015130400657,4165.515189925331,7256.689453125,3379.3207481738355,0.1944563388824463,0.1018140589569161,0.044383626507113964
45.0,0.0660695806145668,3944.467441274771,7407.421875,3440.3578904263068,0.2097729742527008,0.0981859410430839,0.07433983912900324
45.1,0.0842536389827728,6020.521920574942,10615.869140625,4175.692078643228,0.2666705846786499,0.1596371882086167,0.22094964417601265
45.2,0.058841660618782,6901.562415840654,11197.265625,4060.5080207117153,0.3677058517932892,0.3142857142857143,0.6395453478680541
45.3,0.0336881130933761,5695.10950099376,10831.201171875,4590.758097682263,0.4210834503173828,0.1510204081632653,0.943466384201524
45.4,0.0254516508430242,3643.693410858886,8936.279296875,4151.653634808769,0.2916941344738006,0.0775510204081632,0.2853192395087742
45.5,0.0245006177574396,2453.7886285377463,4974.169921875,3340.43869603023,0.1936591416597366,0.046031746031746,0.04257710008261984
45.6,0.0177922956645488,2111.651861216385,3596.044921875,3263.5944603080898,0.1866705864667892,0.0403628117913832,0.032832395983097964
45.7,0.0123918587341904,2166.7383419427015,3617.578125,3510.16132440085,0.2042953073978424,0.0392290249433106,0.0570718277004914
45.8,0.0116939460858702,2000.7112223043252,3552.978515625,3202.3309354003663,0.1733375340700149,0.0399092970521541,0.018131413608775054
45.9,0.0171357840299606,3407.448060752663,7364.35546875,3875.5737157021217,0.2811022400856018,0.0612244897959183,0.24755905899338512
46.0,0.0352954939007759,3877.5417896580266,8419.482421875,4100.395819629416,0.3573917746543884,0.0859410430839002,0.5726014801357581
46.1,0.0288852099329233,3487.860943023498,7299.755859375,3842.476100805669,0.3106409013271332,0.0873015873015873,0.35844573742934194
46.2,0.0155964568257331,3045.7651269223247,6847.55859375,3398.786979559311,0.2127693444490432,0.082766439909297,0.07179278461296533
46.3,0.0079866098240017,3738.771703955047,8441.015625,3909.0533573966873,0.3038369119167328,0.0995464852607709,0.32567052373483385
46.4,0.0048766396939754,4064.603575764334,8893.212890625,4349.050321164912,0.3789693713188171,0.0938775510204081,0.674231411352382
46.5,0.0035235153045505,3873.4180784320606,8613.28125,4564.512003243964,0.4051445424556732,0.092063492063492,0.8234666131281473
46.6,0.0029332716949284,4040.14341586292,8397.94921875,4167.109013653299,0.3680427372455597,0.092517006802721,0.615603825971486
46.7,0.0056865853257477,6203.0613556451535,10185.205078125,3857.57999451313,0.3901413083076477,0.2501133786848072,0.7423167058937485
46.8,0.0294043887406587,6998.758326582029,10788.134765625,3679.489851460907,0.3797284364700317,0.3038548752834467,0.6952452711699303
46.9,0.1419362276792526,6741.165748655406,10981.93359375,4123.78345999073,0.4556055963039398,0.210657596371882,1.0
47.0,0.1405045390129089,5971.073409177176,10465.13671875,4419.968495769866,0.4607041180133819,0.1145124716553288,1.0
47.1,0.0813211575150489,5475.935693350735,10142.138671875,4367.824203785214,0.4609920978546142,0.1401360544217687,1.0
47.2,0.0743711069226265,4771.446270475916,9431.54296875,4134.752747303058,0.3939191401004791,0.1160997732426303,0.7917122318373729
47.3,0.0844217762351036,3884.948948488314,7644.287109375,3514.9632767818216,0.2641414701938629,0.0888888888888888,0.21029847351785222
47.4,0.0466828383505344,3388.8073172153536,6072.36328125,3315.1116938400696,0.2344764918088913,0.0956916099773242,0.12214177241203532
47.5,0.0291166845709085,3296.4408700349004,5792.431640625,3307.8181442785476,0.2398663908243179,0.1011337868480725,0.13169040763084672
47.6,0.0188245475292205,3456.228273004578,5792.431640625,3600.0008126125026,0.2810604870319366,0.0997732426303854,0.24818256034325023
47.7,0.0129689909517765,3138.4886605280863,5060.302734375,3141.2069515319517,0.2178390771150589,0.1047619047619047,0.08137920170146726
47.8,0.0102334283292293,3582.582784689242,6653.759765625,3338.9256388398944,0.2363262474536895,0.1111111111111111,0.12013327686938961
47.9,0.0150725441053509,5588.068432490211,9883.740234375,4406.852669345588,0.4763864576816559,0.2290249433106576,1.0
48.0,0.0249704420566558,5116.862842050286,9237.744140625,4235.5276890613195,0.3935185074806213,0.1657596371882086,0.7677291491427375
48.1,0.0209236722439527,4145.836782986446,8613.28125,3991.521625703385,0.2961519658565521,0.1213151927437641,0.30121928506928075
48.2,0.0195409953594207,3647.6274419405736,8419.482421875,4072.7429722002457,0.3082118928432464,0.0648526077097505,0.34636180468303024
48.3,0.0220685619860887,2700.5690095248806,6266.162109375,3982.788896049685,0.276037335395813,0.0417233560090702,0.23091945429401858
48.4,0.0282452050596475,2600.180822852728,5555.56640625,4435.525248343355,0.2975388169288635,0.0229024943310657,0.3068590625408021
48.5,0.0181570574641227,2976.778384686954,6481.494140625,4722.208503393191,0.346871018409729,0.0229024943310657,0.5133163616855504
48.6,0.0119207492098212,2300.6801167868557,4263.57421875,4037.616547570722,0.2537772059440613,0.0238095238095238,0.16324236645464651
48.7,0.0102355731651186,1728.6570389174824,3208.447265625,2959.8984239406423,0.149297758936882,0.0238095238095238,0.002700074269544866
48.8,0.0256340280175209,3662.460372698905,7988.818359375,4207.065981160531,0.3417806327342987,0.0623582766439909,0.4931542580726682
48.9,0.0290382802486419,4438.481320446152,9474.609375,4567.154042689751,0.3891770839691162,0.0970521541950113,0.7425417575486052
49.0,0.0137012368068099,3577.5214771070064,8031.884765625,4298.8832915376315,0.3430885374546051,0.0800453514739229,0.49398704562050166
49.1,0.0205774400383234,2775.9549338472934,6050.830078125,4106.303244904529,0.2965135276317596,0.0308390022675736,0.3014339149744098
49.2,0.0444482117891311,3112.4692302145745,6050.830078125,4143.092993875664,0.3213955461978912,0.0664399092970521,0.4071681391374328
49.3,0.0622521489858627,3033.484602714425,5641.69921875,3599.7617230185483,0.2526381015777588,0.0780045351473922,0.1707578696392996
49.4,0.0525592751801013,2856.3943781465205,5081.8359375,2942.376164898252,0.1634092032909393,0.0954648526077097,0.012505322466220993
49.5,0.0389314778149127,2998.751984776356,4651.171875,3589.6545058759184,0.247555211186409,0.0954648526077097,0.15252518721639027
49.6,0.0337949618697166,3023.114607777011,4435.83984375,3724.0849283229327,0.2532294392585754,0.0938775510204081,0.16675356170995195
49.7,0.0306835081428289,2722.3819448482445,4177.44140625,3035.2896484794796,0.1757429093122482,0.1006802721088435,0.021889058875833117
49.8,0.029637673869729,2644.3841488571984,4177.44140625,2726.189122539933,0.1455260962247848,0.1065759637188208,0.0018837696245097631
49.9,0.0218778979033231,3605.0275873125497,8290.283203125,3969.739001367516,0.2993629872798919,0.091609977324263,0.3124116353042927
50.0,0.0229636244475841,4426.3743099921185,9410.009765625,4356.20710289593,0.3355512320995331,0.127891156462585,0.4634245995982572
50.1,0.023540124297142,4488.603076673037,9582.275390625,4313.237974599084,0.275311142206192,0.1140589569160997,0.23077789595778683
50.2,0.0155882379040122,4707.683124730804,9560.7421875,4368.537102788994,0.32193124294281,0.1117913832199546,0.40288798868747694
50.3,0.0126855401322245,4354.934977861265,9496.142578125,4719.15419587935,0.3917749226093292,0.0612244897959183,0.7513438755731748
50.4,0.0153064718469977,3405.9030700980747,8742.48046875,4786.712909824221,0.3591209352016449,0.0219954648526077,0.5726078615913592
50.5,0.0151354102417826,2940.971165504021,7967.28515625,4595.9847429358415,0.3216139078140259,0.0176870748299319,0.397834482272309
50.6,0.011834449134767,2833.424243360767,7622.75390625,4460.223525448067,0.3028994798660278,0.0156462585034013,0.322075497772325
50.7,0.0101736932992935,3033.658368119845,7751.953125,4872.76010963892,0.3485829830169678,0.0113378684807256,0.5181314797509786
50.8,0.0191720984876155,2296.690759306243,3488.37890625,3833.806672452499,0.2253055870532989,0.0170068027210884,0.09709323544098714
50.9,0.0328491106629371,4958.880146604106,10163.671875,5036.367721672395,0.4996101260185241,0.0582766439909297,1.0
51.0,0.0759381502866745,6634.288084884873,11068.06640625,4319.218178335852,0.4750646352767944,0.3292517006802721,1.0
51.1,0.0385463088750839,5197.543024331943,10185.205078125,4216.15432968685,0.3049602806568146,0.1458049886621315,0.34144597332716303
51.2,0.084541879594326,3435.1681973108407,6718.359375,3857.0245362814862,0.3034464418888092,0.0780045351473922,0.3466316574602541
51.3,0.0768090635538101,3273.56064709368,4974.169921875,3944.329619808701,0.2910917699337005,0.0798185941043083,0.29805691085318176
51.4,0.1074912622570991,3117.253259267397,4478.90625,3941.0545071874258,0.2774299085140228,0.0682539682539682,0.25804937279375884
51.5,0.0649492219090461,3236.6052923562825,5447.900390625,4168.533066505986,0.3083771467208862,0.0736961451247165,0.36030635887064977
51.6,0.0568281933665275,3123.8537539955782,4823.4375,3616.39550783812,0.2530780732631683,0.0965986394557823,0.17110236905324908
51.7,0.0214449036866426,3139.1274226552346,5555.56640625,3520.1044426758153,0.2533126771450043,0.100907029478458,0.16429772783574867
51.8,0.0184606127440929,2987.8411549340963,4392.7734375,3038.4018725911183,0.2033157497644424,0.1031746031746031,0.05666972216879094
51.9,0.0163799487054348,3447.4507451814325,6395.361328125,3608.549643838866,0.275135189294815,0.0977324263038548,0.2279858972216506
52.0,0.0152687430381774,3831.5983315021986,7988.818359375,3947.5303776470696,0.3238669633865356,0.109297052154195,0.40907168875169475
52.1,0.0200767610222101,3697.059880759139,6826.025390625,4077.5454165742462,0.3366969525814056,0.0993197278911564,0.46771319498524105
52.2,0.0256017912179231,3523.011296327039,6589.16015625,3740.989548797734,0.2870610058307647,0.1018140589569161,0.2698377184053113
52.3,0.036685898900032,3289.843738270136,5318.701171875,3528.851380024139,0.2571780085563659,0.0852607709750566,0.1789295197270812
52.4,0.0283008236438035,3501.0352763691517,5447.900390625,3891.075118377857,0.3069538474082947,0.0741496598639455,0.345286658476352
52.5,0.0186172258108854,3739.117536540869,7235.15625,4178.377088206063,0.3589460551738739,0.0589569160997732,0.5754431273846325
52.6,0.0183761715888977,4719.390797008506,9431.54296875,4222.442550965599,0.3726497590541839,0.1095238095238095,0.6479512640398138
52.7,0.0741862207651138,6429.972378791109,10486.669921875,3808.975482518342,0.3615440428256988,0.2435374149659863,0.6143298808855511
52.8,0.0998701229691505,6099.097893641699,10163.671875,3974.923991434104,0.4035846292972564,0.2210884353741496,0.8645882946574673
52.9,0.1004933565855026,4317.159670626573,8893.212890625,3801.3021054131223,0.2990543246269226,0.1206349206349206,0.3349261559348536
53.0,0.0654029622673988,3558.5447865495744,6998.291015625,3179.6434575747153,0.1528810709714889,0.1219954648526077,0.006347307930902535
53.1,0.0539630837738513,3496.589084625005,6782.958984375,3284.1423563783337,0.2069112807512283,0.0947845804988662,0.06716327379410755
53.2,0.0339471921324729,3218.3046900951863,6309.228515625,3126.6091192977046,0.1797504872083664,0.0897959183673469,0.0265005661765347
53.3,0.0214283876121044,2918.8807459667223,5727.83203125,2780.0218154516724,0.1066763922572135,0.0861678004535147,0.006444212163712667
53.4,0.016356386244297,3036.165615597912,5577.099609375,3279.8600682396473,0.2284838259220123,0.0886621315192743,0.10325222189040928
53.5,0.0138593055307865,3049.8878709837595,5361.767578125,3637.955279373165,0.2685516476631164,0.082766439909297,0.20657321935264222
53.6,0.0103100650012493,2650.8286794637565,4478.90625,3082.837597797226,0.1950577199459076,0.0764172335600907,0.04321385858425233
53.7,0.0171391647309064,2077.5424248187783,3746.77734375,3218.652294513901,0.1877216845750808,0.0693877551020408,0.03371945506528387
53.8,0.0565415471792221,2730.3984725359587,4801.904296875,4020.2314394393006,0.2644089460372925,0.0428571428571428,0.20350654856892908
53.9,0.1015217900276184,2855.0191357812514,5534.033203125,4278.117878666221,0.2944129407405853,0.0625850340136054,0.31534823415474056
54.0,0.0844554528594017,2652.6042385776955,4931.103515625,3836.8625286887145,0.2542724013328552,0.0492063492063492,0.17963003842537226
54.1,0.0882290452718734,2203.1873951713624,3789.84375,2874.990095860975,0.1383364349603653,0.0757369614512471,0.0010672217823390466
54.2,0.0703712552785873,2207.254782732131,3488.37890625,2975.3539566230666,0.1609690487384796,0.0632653061224489,0.011601655874500419
54.3,0.0814329013228416,1935.918942326673,3294.580078125,2765.05541571315,0.1317497044801712,0.045578231292517,0.0
54.4,0.0769841074943542,1752.0760642885384,3079.248046875,2866.554285599085,0.1428799629211425,0.0326530612244898,0.0021649936483117594
54.5,0.0838453322649002,2030.4596016107143,3122.314453125,3423.4666503339577,0.1906722784042358,0.0333333333333333,0.04454177721670546
54.6,0.126493215560913,2333.0591301409527,3079.248046875,3646.4245866928063,0.218857929110527,0.0505668934240362,0.09996313925856602
54.7,0.1614473462104797,4038.115199647778,9883.740234375,4631.144613898018,0.3191490173339844,0.1471655328798186,0.4327858269746204
54.8,0.1633588969707489,4941.214459181321,10852.734375,5056.68406685638,0.4455830454826355,0.0854875283446712,1.0
54.9,0.2081057876348495,3750.51145094184,9539.208984375,5126.712522888922,0.4220971167087555,0.036734693877551,1.0
55.0,0.1763101667165756,3075.3635645442428,6890.625,4729.953846710601,0.3408451378345489,0.0244897959183673,0.5407637194170077
55.1,0.1803602427244186,2114.535262562949,3832.91015625,3657.704617167631,0.2054167985916137,0.0263038548752834,0.08073455081804341
55.2,0.1270686239004135,2491.6692972954265,4371.240234375,4032.885760976624,0.2553512156009674,0.0356009070294784,0.19178000988404023
55.3,0.0691205486655235,3052.795195463194,5986.23046875,4451.909900327978,0.3272490203380584,0.0532879818594104,0.4403278270908074
55.4,0.0469522848725318,2222.6390115318545,3402.24609375,3071.8740823082035,0.1719222217798233,0.0596371882086167,0.019318812554831952
55.5,0.0368327982723712,2377.441515666679,4091.30859375,3915.392378063341,0.2474779337644577,0.027437641723356,0.15170923687476004
55.6,0.0326192863285541,2591.144306316988,4952.63671875,4393.479861971714,0.2869635820388794,0.0231292517006802,0.2705114974177539
55.7,0.0232197493314743,1967.4061787126184,3445.3125,3579.6651370084724,0.1955455243587494,0.0265306122448979,0.04497119338093788
55.8,0.0191579330712556,1877.2789415059108,3057.71484375,3168.0787027095967,0.1621924489736557,0.0342403628117913,0.009805682155010754
55.9,0.0178568363189697,2723.963775766755,5146.435546875,4359.584520119414,0.2975432574748993,0.0362811791383219,0.3044692082458653
56.0,0.0167998578399419,2749.466494578308,5404.833984375,4374.496496424666,0.3028421103954315,0.0369614512471655,0.3238814278231399
56.1,0.0146853718906641,3080.553367581265,6804.4921875,3903.137719181619,0.2819341123104095,0.0448979591836734,0.24934668247580846
56.2,0.0175186116248369,4076.0776780404544,9000.87890625,4389.175133184838,0.384140282869339,0.0877551020408163,0.7082246899233954
56.3,0.0198539793491363,3642.614599615574,8397.94921875,4417.897737708695,0.3652979135513305,0.0598639455782312,0.6065931486409034
56.4,0.0223407000303268,4463.56431247172,8871.6796875,4081.435500531861,0.3614875674247741,0.0954648526077097,0.5908242806872778
56.5,0.0506826266646385,6644.771440748717,10852.734375,3801.446479623373,0.3262476623058319,0.2800453514739229,0.4354014134987663
56.6,0.0950061455368995,7375.796309755343,11692.529296875,4086.318823168083,0.4934914112091064,0.3419501133786848,1.0
56.7,0.1287871301174163,5855.653565478303,11197.265625,4662.588445848404,0.5024687051773071,0.1854875283446712,1.0
56.8,0.1292830407619476,4329.255899491133,9560.7421875,4402.490521897421,0.3852511048316955,0.110657596371882,0.7616113394192834
56.9,0.1232684180140495,3773.458202989936,8505.615234375,4240.802446843522,0.3474598228931427,0.0696145124716553,0.555156709898235
57.0,0.1071886792778968,3677.172132265631,7644.287109375,4607.66027446462,0.3883063197135925,0.0575963718820861,0.7699527288840162
57.1,0.0842681378126144,3608.392921513771,7256.689453125,4560.252712680705,0.3733448088169098,0.0718820861678004,0.675032130046496
57.2,0.0636254921555519,3237.588458780516,6093.896484375,3999.043019301817,0.3030212223529815,0.0836734693877551,0.33826864649702204
57.3,0.0734916999936103,2919.590505145087,4974.169921875,3670.788902056346,0.2531539797782898,0.0755102040816326,0.174494343559038
57.4,0.0425176434218883,2550.0190353235007,4069.775390625,3284.7959339606396,0.2011701613664627,0.0809523809523809,0.0556674629890068
57.5,0.035074483603239,2838.066321766231,4392.7734375,3695.638328408805,0.2527255117893219,0.092517006802721,0.16520801174669092
57.6,0.0372081771492958,2951.095414828601,4543.505859375,3992.5770689589312,0.2848428785800934,0.0721088435374149,0.2649075272757072
57.7,0.0277532059699296,2423.1850788674183,3832.91015625,3119.217143830857,0.1827794015407562,0.073469387755102,0.029146699813464613
57.8,0.0286221709102392,2650.6199925896103,4155.908203125,3719.7033186540425,0.2504306137561798,0.0412698412698412,0.15840074201323293
57.9,0.0308581944555044,3062.219227523393,5017.236328125,4289.021206930414,0.3155565857887268,0.0369614512471655,0.3798231946818742
58.0,0.0271431617438793,2379.289157985671,4005.17578125,3374.4365406658503,0.2057439088821411,0.0374149659863945,0.06148326917071026
58.1,0.049016959965229,1728.8820563934114,2971.58203125,2184.116303065921,0.0881067737936973,0.0326530612244898,0.018699186441751284
58.2,0.0309719424694776,1967.677832540571,3316.11328125,2831.4638851286227,0.1468228846788406,0.036734693877551,0.002384065633878099
58.3,0.0422166958451271,2375.282945747636,3983.642578125,3439.243959930639,0.2079146206378936,0.0340136054421768,0.06706663612222805
58.4,0.028581079095602,2970.8998368171647,4737.3046875,4268.890539393141,0.3079743683338165,0.036734693877551,0.3484897691133238
58.5,0.0499111525714397,3388.4937571671667,7084.423828125,4296.4735610028765,0.3423393666744232,0.045578231292517,0.5041174600874196
58.6,0.2771574258804321,1994.8589263945637,3273.046875,3554.2901776590384,0.2041741162538528,0.0240362811791383,0.0924911009553415
58.7,0.126302495598793,1836.8499572833184,2906.982421875,3651.563423258265,0.1957955360412597,0.0217687074829931,0.056826926889219385
58.8,0.0915710404515266,1758.410706526495,2928.515625,3344.999940416171,0.1725160777568817,0.0247165532879818,0.023013741635478018
58.9,0.1103919371962547,1783.8802012689591,3036.181640625,3073.1617581774913,0.1583346724510193,0.0360544217687074,0.011766892791002037
59.0,0.1320515275001526,2351.56532647767,3789.84375,3927.4299814036094,0.2461106181144714,0.0369614512471655,0.16667055216588725
59.1,0.1022231876850128,2956.445425504759,5189.501953125,4413.30446419998,0.3193938732147217,0.0437641723356009,0.41722253565344875
59.2,0.0816561132669448,2520.806729442339,3746.77734375,3832.7221690148176,0.2445258051156997,0.0492063492063492,0.1527829393390935
59.3,0.0708215534687042,1682.3833797783116,2260.986328125,2852.534107945019,0.137773185968399,0.0412698412698412,0.0006653309720708542
59.4,0.0538770221173763,1434.958654759132,1851.85546875,2575.454007889762,0.1132421344518661,0.0326530612244898,0.002559126609931431
59.5,0.0314420349895954,1564.7518657838336,2217.919921875,3014.7467774875295,0.1420917212963104,0.0315192743764172,0.0010085803114773916
59.6,0.0289825182408094,1182.7859963446126,1507.32421875,2090.909350892762,0.0723630711436271,0.0303854875283446,0.038262788884126965
59.7,0.0292419232428073,1334.1751358614144,1507.32421875,2512.408327901949,0.0955221131443977,0.0358276643990929,0.013927967521461169
59.8,0.0299660712480545,2029.083111835259,2390.185546875,3642.8696922907766,0.1984049528837204,0.0396825396825396,0.05008604176571452
59.9,0.0331778675317764,2648.9983008299014,4521.97265625,4314.463526509283,0.2843574285507202,0.0403628117913832,0.2617624551788862
60.0,0.0392872169613838,2298.6006596072752,3337.646484375,3815.730321169001,0.2277826964855194,0.0424036281179138,0.10515490093606919
60.1,0.0358079634606838,2525.1663417383147,3875.9765625,4013.917889011732,0.2524731159210205,0.0575963718820861,0.16459118949045984
60.2,0.0384823456406593,2320.484828027083,3359.1796875,3696.647259758587,0.2186509817838668,0.0546485260770975,0.08610022338541642
60.3,0.0402873009443283,2098.7523055888273,3143.84765625,3369.089505547536,0.1860477924346923,0.0539682539682539,0.03405008488740028
60.4,0.041975162923336,2780.810301579718,4715.771484375,4322.498391219918,0.2943433821201324,0.055328798185941,0.29924786989182545
60.5,0.0432985387742519,2818.2504559658173,4349.70703125,4239.170652260727,0.2880158126354217,0.055328798185941,0.27737141428182405
60.6,0.0430390462279319,2895.450534720618,4651.171875,4295.500139399438,0.3002616465091705,0.0546485260770975,0.32204503947333885
60.7,0.059025339782238,3145.9257775176675,5727.83203125,4097.365764436721,0.2930639088153839,0.0648526077097505,0.29980441870282704
60.8,0.0841332152485847,2999.629321364215,5017.236328125,4037.3281658012297,0.2901378870010376,0.0612244897959183,0.29596305537063744
60.9,0.1071104928851127,6010.443656547588,10809.66796875,4487.015317848705,0.4319243133068084,0.1589569160997732,1.0
61.0,0.1246038228273391,5795.064395909111,10960.400390625,4575.083414461364,0.4708406329154968,0.1414965986394558,1.0
61.1,0.1125168353319168,3765.54647047381,7364.35546875,4306.372997445852,0.3547007739543915,0.0861678004535147,0.5878592063833584
61.2,0.0839133709669113,3215.6400104603917,6029.296875,3559.1640817753746,0.2576203942298889,0.0956916099773242,0.18937355109055612
61.3,0.084951676428318,2843.8573663208003,4285.107421875,3205.2850095785507,0.2145011276006698,0.0852607709750566,0.08511963715152294
61.4,0.0598876029253006,2678.7740935138354,4134.375,3531.2426243066534,0.2330297380685806,0.073015873015873,0.12045343299168743
61.5,0.058055143803358,2425.564744373868,3746.77734375,3300.511669481657,0.1975807547569275,0.0682539682539682,0.051921978801677926
61.6,0.0527316331863403,2258.198393724284,3380.712890625,3232.152498037139,0.1846598982810974,0.0598639455782312,0.033573840666836455
61.7,0.0612074956297874,3187.1409017106357,5469.43359375,4371.880597771685,0.3229200839996338,0.0668934240362811,0.4194562835465239
61.8,0.057291354984045,3631.802352692989,7170.556640625,4719.41717525272,0.3765146136283874,0.0671201814058956,0.6816618708322115
61.9,0.0601364150643348,2871.2053156553325,4048.2421875,4019.553772588445,0.2692975103855133,0.064172335600907,0.2196546033469594
62.0,0.0576704181730747,1920.2200202661816,2217.919921875,2510.652577997326,0.1167194843292236,0.0668934240362811,0.0012720107966497493
62.1,0.0716086328029632,2021.9405805111328,2971.58203125,2655.828136564171,0.1301007717847824,0.0668934240362811,0.0
62.2,0.0610789060592651,2308.914149387747,3682.177734375,3118.7085679493125,0.1719938963651657,0.0664399092970521,0.0203550282449712
62.3,0.0504280924797058,1975.8848791127384,3316.11328125,2481.888067542749,0.1183820441365242,0.0659863945578231,0.0009704359911073409
62.4,0.0672216787934303,1919.6505604248057,2993.115234375,2185.989998453741,0.0906068384647369,0.0480725623582766,0.015256766753819248
62.5,0.0898940563201904,2582.7171901620804,4220.5078125,3218.1799344268024,0.2089392989873886,0.0657596371882086,0.07510083458907155
62.6,0.107648879289627,4634.140546919786,9453.076171875,4092.6996220321894,0.337174117565155,0.1133786848072562,0.5016963289574711
62.7,0.1428074687719345,5497.966974169488,10163.671875,4176.506493815889,0.3544642925262451,0.1897959183673469,0.6008164606919144
62.8,0.0915186777710914,4863.051401215387,9711.474609375,4152.63131365188,0.3599463403224945,0.146485260770975,0.6084526963856344
62.9,0.0854418352246284,3896.056475900225,8118.017578125,3701.375821702388,0.2754220068454742,0.1061224489795918,0.24566883181315136
63.0,0.0993218943476677,3195.7975683146906,6180.029296875,3120.229915872099,0.1846183985471725,0.0836734693877551,0.03823295100225679
63.1,0.0880599170923233,3047.6284936639445,5361.767578125,3275.639326924082,0.2302303165197372,0.0748299319727891,0.11925491184155096
63.2,0.104713462293148,2999.1166150507515,4478.90625,3553.3397728489185,0.2519494295120239,0.0761904761904762,0.1780992718671585
63.3,0.0841415226459503,2596.905123650783,4026.708984375,3030.8230750607913,0.1814007461071014,0.0684807256235827,0.03264785249631427
63.4,0.0876056924462318,2622.264100003867,4091.30859375,2900.7637632139567,0.1748069822788238,0.0648526077097505,0.02547703701075782
63.5,0.0958414226770401,3073.3817489809157,4608.10546875,3869.652788006558,0.2792016565799713,0.0653061224489796,0.2610598195067256
63.6,0.0988240018486976,3002.47144285935,4435.83984375,3951.948241253609,0.273230105638504,0.054875283446712,0.2418815899099188
63.7,0.0262721944600343,2228.4400627176215,3466.845703125,2886.0096328240434,0.1632186621427536,0.063718820861678,0.010892910885237696
